{
  "baseline": {
    "accuracy": 0.5922029702970297,
    "f1_score": 0.5888958203368684,
    "precision": 0.5841584158415841,
    "recall": 0.5937106918238994
  },
  "improved": {
    "accuracy": 0.6905940594059405,
    "f1_score": 0.7228381374722839,
    "precision": 0.6461843409316155,
    "recall": 0.820125786163522,
    "tuned_threshold": 0.007458793950420772,
    "fit_method": "genuine_only"
  }
}