{
  "improved": {
    "accuracy": 0.6905940594059405,
    "f1_score": 0.7228381374722839,
    "precision": 0.6461843409316155,
    "recall": 0.820125786163522,
    "tuned_threshold": 0.007458793950420772,
    "fit_method": "genuine_only",
    "genuine_detection_rate": 0.820125786163522,
    "impostor_detection_rate": 0.5651644336175395
  },
  "checkpoint_used": "checkpoint_epoch_6.pt",
  "checkpoint_val_loss": 0.16106087842098113
}