{
  "baseline": {
    "genuine_detection_rate": 0.5937106918238994,
    "impostor_detection_rate": 0.5907429963459196,
    "robustness_score": 0.5907429963459196
  },
  "improved": {
    "genuine_detection_rate": 0.820125786163522,
    "impostor_detection_rate": 0.5651644336175395,
    "robustness_score": 0.5651644336175395
  }
}